Workbook

Sheet Checklist
A1: Sciagen CRM - Production Deployment Checklist
A2: Fill in Status, Owner, Date done and Notes (yellow columns). "Project-specific" items come from issues found in devorg1, Int and the iPad sync.
A4: # | B4: Phase | C4: Checklist item | D4: How to verify / detail | E4: Type | F4: Status | G4: Owner | H4: Date done | I4: Notes
A5: 1 | B5: A. Pre-deployment gate | C5: Run all local tests on the exact deployment package | D5: A production deploy runs every local test and all must pass. Known open failure: DeviceResetVerifyApiTest.repPermissionSetCannotReadTheCode (reps can still read the device-reset OTP; the current iPad build depends on it). Either wait for the iPad change + FLS removal, or deploy with a specified test list that excludes it. | E5: Project-specific | F5: Not started
A6: 2 | B6: A. Pre-deployment gate | C6: Confirm every Apex class has at least 75% coverage (team target 80%) | D6: Last clean run in devorg1: 173 classes, none below 80%, org-wide 94%. Re-check on the final package. | E6: General | F6: Not started
A7: 3 | B7: A. Pre-deployment gate | C7: Validate first (check-only deploy), then quick-deploy the validated package | D7: sf project deploy start --dry-run ... then quick deploy from Setup > Deployment Status. | E7: General | F7: Not started
A8: 4 | B8: A. Pre-deployment gate | C8: Deploy from a fresh retrieve of devorg1 - not from the git repo | D8: The repo has drifted. Old copies have overwritten fixes twice (AccountPlanController methods, the Accounts territory filter). Retrieve, diff, then deploy. | E8: Project-specific | F8: Not started
A9: 5 | B9: A. Pre-deployment gate | C9: Decide on the items excluded from the Int move | D9: Sciagen_CRM app (Int has ~38 more nav tabs), Business Admin profile (devorg1 lower on 47 objects), Business_Admin_Full_Access (Int has 109 Acaroid FLS rows), ZZ_Probe_Type report type. Merge or leave - do not overwrite blindly. | E9: Project-specific | F9: Not started
A10: 6 | B10: A. Pre-deployment gate | C10: Remove test leftovers before packaging | D10: ZZ_Probe_Type report type in devorg1; any ZZ* probe classes; test-only data. | E10: Project-specific | F10: Not started
A11: 7 | B11: A. Pre-deployment gate | C11: Back up production metadata | D11: Retrieve the same package from production and keep it for rollback (include profiles, permission sets, layouts, app, sharing rules). | E11: General | F11: Not started
A12: 8 | B12: A. Pre-deployment gate | C12: Prepare the destructive-changes list (if any) | D12: Components that must be deleted in prod (e.g. renamed classes). Confirm nothing in prod still references them. | E12: General | F12: Not started
A13: 9 | B13: A. Pre-deployment gate | C13: Choose the deployment window outside rep call hours | D13: Warn users that iPad sync may pause briefly. Check whether any scheduled batch (license expiry, duplicate scan, purge) runs during the window. | E13: General | F13: Not started
A14: 10 | B14: A. Pre-deployment gate | C14: Review what changes for users on release day | D14: The profile-to-permission-set automation will start assigning sets to every user created or changed in production. | E14: Project-specific | F14: Not started
A15: 11 | B15: A. Pre-deployment gate | C15: Get business and iPad-team sign-off on the release notes | D15: Include new endpoints (team-schedule me/kams/calls/accounts/account-activity) and the device-reset verify endpoint for the app team. | E15: General | F15: Not started
A16: 12 | B16: B. Immediately after deploy | C16: Check Deployment Status: all components succeeded, 0 failures | D16: Setup > Deployment Status; save the deploy ID in the release record. | E16: General | F16: Not started
... A63: 59 | B63: G. Rollback and handover | C63: Sign-off record | D63: Who tested which role, with date; link to deployment ID. | E63: General | F63: Not started

Sheet Summary
A1: Progress summary
A2: All figures are formulas over the Checklist sheet - they update as you change Status.
A4: Phase | B4: Total | C4: Done | D4: In progress | E4: Blocked | F4: Not started | G4: N/A | H4: % complete
A5: A. Pre-deployment gate | B5: =COUNTIF(Checklist!$B$5:$B$63,$A5) | C5: =COUNTIFS(Checklist!$B$5:$B$63,$A5,Checklist!$F$5:$F$63,"Done") | D5: =COUNTIFS(Checklist!$B$5:$B$63,$A5,Checklist!$F$5:$F$63,"In progress") | E5: =COUNTIFS(Checklist!$B$5:$B$63,$A5,Checklist!$F$5:$F$63,"Blocked") | F5: =COUNTIFS(Checklist!$B$5:$B$63,$A5,Checklist!$F$5:$F$63,"Not started") | G5: =COUNTIFS(Checklist!$B$5:$B$63,$A5,Checklist!$F$5:$F$63,"N/A") | H5: =IFERROR(C5/(B5-G5),0)
A6: B. Immediately after deploy | B6: =COUNTIF(Checklist!$B$5:$B$63,$A6) | C6: =COUNTIFS(Checklist!$B$5:$B$63,$A6,Checklist!$F$5:$F$63,"Done") | D6: =COUNTIFS(Checklist!$B$5:$B$63,$A6,Checklist!$F$5:$F$63,"In progress") | E6: =COUNTIFS(Checklist!$B$5:$B$63,$A6,Checklist!$F$5:$F$63,"Blocked") | F6: =COUNTIFS(Checklist!$B$5:$B$63,$A6,Checklist!$F$5:$F$63,"Not started") | G6: =COUNTIFS(Checklist!$B$5:$B$63,$A6,Checklist!$F$5:$F$63,"N/A") | H6: =IFERROR(C6/(B6-G6),0)
A7: C. Org settings (not in deployment) | B7: =COUNTIF(Checklist!$B$5:$B$63,$A7) | C7: =COUNTIFS(Checklist!$B$5:$B$63,$A7,Checklist!$F$5:$F$63,"Done") | D7: =COUNTIFS(Checklist!$B$5:$B$63,$A7,Checklist!$F$5:$F$63,"In progress") | E7: =COUNTIFS(Checklist!$B$5:$B$63,$A7,Checklist!$F$5:$F$63,"Blocked") | F7: =COUNTIFS(Checklist!$B$5:$B$63,$A7,Checklist!$F$5:$F$63,"Not started") | G7: =COUNTIFS(Checklist!$B$5:$B$63,$A7,Checklist!$F$5:$F$63,"N/A") | H7: =IFERROR(C7/(B7-G7),0)
A8: D. Access verification (per role) | B8: =COUNTIF(Checklist!$B$5:$B$63,$A8) | C8: =COUNTIFS(Checklist!$B$5:$B$63,$A8,Checklist!$F$5:$F$63,"Done") | D8: =COUNTIFS(Checklist!$B$5:$B$63,$A8,Checklist!$F$5:$F$63,"In progress") | E8: =COUNTIFS(Checklist!$B$5:$B$63,$A8,Checklist!$F$5:$F$63,"Blocked") | F8: =COUNTIFS(Checklist!$B$5:$B$63,$A8,Checklist!$F$5:$F$63,"Not started") | G8: =COUNTIFS(Checklist!$B$5:$B$63,$A8,Checklist!$F$5:$F$63,"N/A") | H8: =IFERROR(C8/(B8-G8),0)
A9: E. Functional smoke tests | B9: =COUNTIF(Checklist!$B$5:$B$63,$A9) | C9: =COUNTIFS(Checklist!$B$5:$B$63,$A9,Checklist!$F$5:$F$63,"Done") | D9: =COUNTIFS(Checklist!$B$5:$B$63,$A9,Checklist!$F$5:$F$63,"In progress") | E9: =COUNTIFS(Checklist!$B$5:$B$63,$A9,Checklist!$F$5:$F$63,"Blocked") | F9: =COUNTIFS(Checklist!$B$5:$B$63,$A9,Checklist!$F$5:$F$63,"Not started") | G9: =COUNTIFS(Checklist!$B$5:$B$63,$A9,Checklist!$F$5:$F$63,"N/A") | H9: =IFERROR(C9/(B9-G9),0)
A10: F. Monitoring (first 24-72 hours) | B10: =COUNTIF(Checklist!$B$5:$B$63,$A10) | C10: =COUNTIFS(Checklist!$B$5:$B$63,$A10,Checklist!$F$5:$F$63,"Done") | D10: =COUNTIFS(Checklist!$B$5:$B$63,$A10,Checklist!$F$5:$F$63,"In progress") | E10: =COUNTIFS(Checklist!$B$5:$B$63,$A10,Checklist!$F$5:$F$63,"Blocked") | F10: =COUNTIFS(Checklist!$B$5:$B$63,$A10,Checklist!$F$5:$F$63,"Not started") | G10: =COUNTIFS(Checklist!$B$5:$B$63,$A10,Checklist!$F$5:$F$63,"N/A") | H10: =IFERROR(C10/(B10-G10),0)
A11: G. Rollback and handover | B11: =COUNTIF(Checklist!$B$5:$B$63,$A11) | C11: =COUNTIFS(Checklist!$B$5:$B$63,$A11,Checklist!$F$5:$F$63,"Done") | D11: =COUNTIFS(Checklist!$B$5:$B$63,$A11,Checklist!$F$5:$F$63,"In progress") | E11: =COUNTIFS(Checklist!$B$5:$B$63,$A11,Checklist!$F$5:$F$63,"Blocked") | F11: =COUNTIFS(Checklist!$B$5:$B$63,$A11,Checklist!$F$5:$F$63,"Not started") | G11: =COUNTIFS(Checklist!$B$5:$B$63,$A11,Checklist!$F$5:$F$63,"N/A") | H11: =IFERROR(C11/(B11-G11),0)
A12: Total | B12: =SUM(B5:B11) | C12: =SUM(C5:C11) | D12: =SUM(D5:D11) | E12: =SUM(E5:E11) | F12: =SUM(F5:F11) | G12: =SUM(G5:G11) | H12: =IFERROR(C12/(B12-G12),0)
A14: Project-specific items still open | B14: =COUNTIFS(Checklist!$E$5:$E$63,"Project-specific",Checklist!$F$5:$F$63,"<>Done",Checklist!$F$5:$F$63,"<>N/A")
A15: Blocked items | B15: =COUNTIF(Checklist!$F$5:$F$63,"Blocked")
A16: Ready to deploy? | B16: =IF(AND(COUNTIFS(Checklist!$B$5:$B$63,"A. Pre-deployment gate",Checklist!$F$5:$F$63,"<>Done",Checklist!$F$5:$F$63,"<>N/A")=0,B15=0),"Gate A complete","Gate A open")

Sheet Legend
A1: How to use this workbook
A3: Where to type | B3: Only the yellow columns on the Checklist sheet: Status (pick from the list), Owner, Date done, Notes. Everything else is reference text.
A4: Status values | B4: Not started, In progress, Done, Blocked, N/A. Summary counts them automatically; "N/A" items are left out of the % complete.
A5: Type | B5: "Project-specific" (red) = an issue or decision that came from this project (devorg1 / Int / iPad sync). "General" = standard Salesforce release hygiene.
A6: Order | B6: Work phase A before deploying, B-C immediately after, D-E to verify, F during the first 72 hours, G to close out.
A7: Gate | B7: Summary shows "Gate A complete" only when every phase A item is Done or N/A and nothing is Blocked.
A8: Source | B8: Compiled from the devorg1 / Int comparison, the Int deployment, the coverage and test run (665 tests, 664 passing, all 173 classes at or above 80%), and the sync and access issues fixed during this project (25 Oct 2026).
A9: Open item you should know about | B9: DeviceResetVerifyApiTest.repPermissionSetCannotReadTheCode fails on purpose until the iPad app uses the device-reset verify endpoint and the OTP field access is removed from rep profiles.
A10: Example of a filled row | B10: Status = Done | Owner = A. Kumar | Date done = 27-Oct-2026 | Notes = Validated deploy ID 0AfXX0000000123, 0 failures.
